databundelcode;criteria;grootheid_code;typering_code;groep;biotaxon_of_niet;organisme_naam;hoedanigheid_code;monstercompartiment_code;orgaan_code;eenheid_code;bemonsteringsapparaat_omschrijving;locatiecode;waardebewerkingsmethode_code;leverdatum;startdatum;einddatum;aantal;limiet
RWS_2021_10 zwerfvuil op strand;D10C1;AANTPLTE;;zwerfvuil op strand;Object;;NVT;OR;NVT;n/hm;NVT;"strand_Bergen;strand_Veere;strand_Noordwijk;strand_Terschelling";NVT;15-9-2022;1-1-2021;31-12-2021;4;=
RWS_2021_11 plastic in stormvogels;D10C3;MASSA;;OSPAR_PLAIND;Object;Fulmarus glacialis;NVT;OE;MG;g;NVT;alle_stranden;NVT;15-9-2022;1-1-2021;31-12-2021;30;>=
RWS_2021_11 plastic in stormvogels;D10C3;MASSA;;OSPAR_PLATOT;Object;Fulmarus glacialis;NVT;OE;MG;g;NVT;alle_stranden;NVT;15-9-2022;1-1-2021;31-12-2021;30;>=
RWS_2021_11 plastic in stormvogels;D10C3;MASSA;;OSPAR_PLAUSE;Object;Fulmarus glacialis;NVT;OE;MG;g;NVT;alle_stranden;NVT;15-9-2022;1-1-2021;31-12-2021;30;>=
RWS_2021_11 plastic in stormvogels;D10C3;AANTL;;OSPAR_PLAIND;Object;Fulmarus glacialis;NVT;OE;MG;n;NVT;alle_stranden;NVT;15-9-2022;1-1-2021;31-12-2021;30;>=
RWS_2021_11 plastic in stormvogels;D10C3;AANTL;;OSPAR_PLATOT;Object;Fulmarus glacialis;NVT;OE;MG;n;NVT;alle_stranden;NVT;15-9-2022;1-1-2021;31-12-2021;30;>=
RWS_2021_11 plastic in stormvogels;D10C3;AANTL;;OSPAR_PLAUSE;Object;Fulmarus glacialis;NVT;OE;MG;n;NVT;alle_stranden;NVT;15-9-2022;1-1-2021;31-12-2021;30;>=
RWS_2021_11 plastic in stormvogels;D10C3;;LEVSDM;;Typering;Fulmarus glacialis;NVT;OE;MG;DIMSLS;NVT;alle_stranden;NVT;15-9-2022;1-1-2021;31-12-2021;30;>=
RWS_2021_11 plastic in stormvogels;D10C3;;SEXE;;Typering;Fulmarus glacialis;NVT;OE;MG;DIMSLS;NVT;alle_stranden;NVT;15-9-2022;1-1-2021;31-12-2021;30;>=
WMR_2022_03 Trekvissen;"D1C2;D1C4;D1C5";AANTL;;Alosa alosa;J;;NVT;OW;;n;"Schietfuik;Fuik";NL94_9;;15-9-2022;1-1-2021;31-12-2021;1;>=
WMR_2022_03 Trekvissen;"D1C2;D1C4;D1C5";AANTPTD;;Alosa alosa;J;;NVT;OW;;n/d;"Schietfuik;Fuik";NL94_9;;15-9-2022;1-1-2021;31-12-2021;1;>=
WMR_2022_03 Trekvissen;"D1C2;D1C4;D1C5";INSNG;;Alosa alosa;J;;NVT;OW;;d;"Schietfuik;Fuik";NL94_9;;15-9-2022;1-1-2021;31-12-2021;1;>=
WMR_2022_03 Trekvissen;"D1C2;D1C4;D1C5";MASSPTD;;Alosa alosa;J;;NVT;OW;;kg/d;"Schietfuik;Fuik";NL94_9;;15-9-2022;1-1-2021;31-12-2021;1;>=
WMR_2022_03 Trekvissen;"D1C2;D1C4;D1C5";NG;;Alosa alosa;J;;NVT;OW;;kg;"Schietfuik;Fuik";NL94_9;;15-9-2022;1-1-2021;31-12-2021;1;>=
WMR_2022_03 Trekvissen;"D1C2;D1C4;D1C5";AANTL;;Alosa fallax;J;;NVT;OW;;n;"Schietfuik;Fuik";"NL92_IJSSELMEER;NL94_9;NL94_11";;15-9-2022;1-1-2021;31-12-2021;1;>=
WMR_2022_03 Trekvissen;"D1C2;D1C4;D1C5";AANTPTD;;Alosa fallax;J;;NVT;OW;;n/d;"Schietfuik;Fuik";"NL92_IJSSELMEER;NL94_9;NL94_11";;15-9-2022;1-1-2021;31-12-2021;1;>=
WMR_2022_03 Trekvissen;"D1C2;D1C4;D1C5";INSNG;;Alosa fallax;J;;NVT;OW;;d;"Schietfuik;Fuik";"NL92_IJSSELMEER;NL94_9;NL94_11";;15-9-2022;1-1-2021;31-12-2021;1;>=
WMR_2022_03 Trekvissen;"D1C2;D1C4;D1C5";AANTL;;Barbus barbus;J;;NVT;OW;;n;Elektroschepnet;NL91GM;;15-9-2022;1-1-2021;31-12-2021;1;>=
WMR_2022_03 Trekvissen;"D1C2;D1C4;D1C5";AANTPLTE;;Barbus barbus;J;;NVT;OW;;n/km;Elektroschepnet;NL91GM;;15-9-2022;1-1-2021;31-12-2021;1;>=
WMR_2022_03 Trekvissen;"D1C2;D1C4;D1C5";INSNG;;Barbus barbus;J;;NVT;OW;;m;Elektroschepnet;NL91GM;;15-9-2022;1-1-2021;31-12-2021;1;>=
WMR_2022_03 Trekvissen;"D1C2;D1C4;D1C5";MASSPLTE;;Barbus barbus;J;;NVT;OW;;kg/km;Elektroschepnet;NL91GM;;15-9-2022;1-1-2021;31-12-2021;1;>=
WMR_2022_03 Trekvissen;"D1C2;D1C4;D1C5";NG;;Barbus barbus;J;;NVT;OW;;kg;Elektroschepnet;NL91GM;;15-9-2022;1-1-2021;31-12-2021;1;>=
WMR_2022_03 Trekvissen;"D1C2;D1C4;D1C5";AANTL;;Coregonus oxyrhynchus;J;;NVT;OW;;n;"Schietfuik;Fuik";"NL92_IJSSELMEER;NL94_9;NL94_11";;15-9-2022;1-1-2021;31-12-2021;1;>=
WMR_2022_03 Trekvissen;"D1C2;D1C4;D1C5";AANTPTD;;Coregonus oxyrhynchus;J;;NVT;OW;;n/d;"Schietfuik;Fuik";"NL92_IJSSELMEER;NL94_9;NL94_11";;15-9-2022;1-1-2021;31-12-2021;1;>=
WMR_2022_03 Trekvissen;"D1C2;D1C4;D1C5";INSNG;;Coregonus oxyrhynchus;J;;NVT;OW;;d;"Schietfuik;Fuik";"NL92_IJSSELMEER;NL94_9;NL94_11";;15-9-2022;1-1-2021;31-12-2021;1;>=
WMR_2022_03 Trekvissen;"D1C2;D1C4;D1C5";AANTL;;Petromyzon marinus;J;;NVT;OW;;n;"Schietfuik;Fuik";"NL92_IJSSELMEER;NL94_9;NL94_11";;15-9-2022;1-1-2021;31-12-2021;1;>=
WMR_2022_03 Trekvissen;"D1C2;D1C4;D1C5";AANTPTD;;Petromyzon marinus;J;;NVT;OW;;n/d;"Schietfuik;Fuik";"NL92_IJSSELMEER;NL94_9;NL94_11";;15-9-2022;1-1-2021;31-12-2021;1;>=
WMR_2022_03 Trekvissen;"D1C2;D1C4;D1C5";INSNG;;Petromyzon marinus;J;;NVT;OW;;d;"Schietfuik;Fuik";"NL92_IJSSELMEER;NL94_9;NL94_11";;15-9-2022;1-1-2021;31-12-2021;1;>=
WMR_2022_03 Trekvissen;"D1C2;D1C4;D1C5";AANTL;;Salmo salar;J;;NVT;OW;;n;Zalmsteek;NL93_8;;15-9-2022;1-1-2021;31-12-2021;1;>=
WMR_2022_03 Trekvissen;"D1C2;D1C4;D1C5";AANTPTD;;Salmo salar;J;;NVT;OW;;n/d;Zalmsteek;NL93_8;;15-9-2022;1-1-2021;31-12-2021;1;>=
WMR_2022_03 Trekvissen;"D1C2;D1C4;D1C5";INSNG;;Salmo salar;J;;NVT;OW;;d;Zalmsteek;NL93_8;;15-9-2022;1-1-2021;31-12-2021;1;>=
WMR_2022_03 Trekvissen;"D1C2;D1C4;D1C5";MASSPTD;;Salmo salar;J;;NVT;OW;;kg/d;Zalmsteek;NL93_8;;15-9-2022;1-1-2021;31-12-2021;1;>=
WMR_2022_03 Trekvissen;"D1C2;D1C4;D1C5";NG;;Salmo salar;J;;NVT;OW;;kg;Zalmsteek;NL93_8;;15-9-2022;1-1-2021;31-12-2021;1;>=
WMR_2022_03 Trekvissen_MS;"D1C2;D1C4;D1C5";AANTL;;Salmo salar;J;;NVT;OW;;n;Zalmsteek;NL93_8;;15-9-2023;1-1-2014;31-12-2022;8;>=
WMR_2022_03 Trekvissen_MS;"D1C2;D1C4;D1C5";INSNG;;Salmo salar;J;;NVT;OW;;d;Zalmsteek;NL93_8;;15-9-2023;1-1-2014;31-12-2022;8;>=
WMR_2022_03 Trekvissen_MS;"D1C2;D1C4;D1C5";AANTL;;Alosa alosa;J;;NVT;OW;;n;"Schietfuik;Fuik";"NL91ZM;NL94_9";;15-9-2023;1-1-2014;31-12-2022;8;>=
WMR_2022_03 Trekvissen_MS;"D1C2;D1C4;D1C5";INSNG;;Alosa alosa;J;;NVT;OW;;d;"Schietfuik;Fuik";"NL91ZM;NL94_9";;15-9-2023;1-1-2014;31-12-2022;8;>=
WMR_2022_03 Trekvissen_MS;"D1C2;D1C4;D1C5";AANTL;;Alosa fallax;J;;NVT;OW;;n;"Schietfuik;Fuik";"NL94_9;NL94_11";;15-9-2023;1-1-2014;31-12-2022;8;>=
WMR_2022_03 Trekvissen_MS;"D1C2;D1C4;D1C5";INSNG;;Alosa fallax;J;;NVT;OW;;d;"Schietfuik;Fuik";"NL94_9;NL94_11";;15-9-2023;1-1-2014;31-12-2022;8;>=
WMR_2022_03 Trekvissen_MS;"D1C2;D1C4;D1C5";AANTL;;Alosa alosa;J;;NVT;OW;;n;Fuik;NL92_IJSSELMEER;;15-9-2023;1-1-2014;31-12-2022;8;>=
WMR_2022_03 Trekvissen_MS;"D1C2;D1C4;D1C5";INSNG;;Alosa alosa;J;;NVT;OW;;d;Fuik;NL92_IJSSELMEER;;15-9-2023;1-1-2014;31-12-2022;8;>=
WMR_2022_03 Trekvissen_MS;"D1C2;D1C4;D1C5";AANTL;;Alosa fallax;J;;NVT;OW;;n;Fuik;NL92_IJSSELMEER;;15-9-2023;1-1-2014;31-12-2022;8;>=
WMR_2022_03 Trekvissen_MS;"D1C2;D1C4;D1C5";INSNG;;Alosa fallax;J;;NVT;OW;;d;Fuik;NL92_IJSSELMEER;;15-9-2023;1-1-2014;31-12-2022;8;>=
WMR_2022_03 Trekvissen_MS;"D1C2;D1C4;D1C5";AANTL;;Petromyzon marinus;J;;NVT;OW;;n;"Schietfuik;Fuik";"NL91ZM;NL92_IJSSELMEER;NL94_9;NL94_11";;15-9-2023;1-1-2014;31-12-2022;8;>=
WMR_2022_03 Trekvissen_MS;"D1C2;D1C4;D1C5";INSNG;;Petromyzon marinus;J;;NVT;OW;;d;"Schietfuik;Fuik";"NL91ZM;NL92_IJSSELMEER;NL94_9;NL94_11";;15-9-2023;1-1-2014;31-12-2022;8;>=
WMR_2022_03 Trekvissen_MS;"D1C2;D1C4;D1C5";AANTL;;Lampetra fluviatilis;J;;NVT;OW;;n;Fuik;"NL92_IJSSELMEER;NL94_11";;15-9-2023;1-1-2014;31-12-2022;8;>=
WMR_2022_03 Trekvissen_MS;"D1C2;D1C4;D1C5";INSNG;;Lampetra fluviatilis;J;;NVT;OW;;d;Fuik;"NL92_IJSSELMEER;NL94_11";;15-9-2023;1-1-2014;31-12-2022;8;>=
RWS_2022_05 vervuiling vis;D8C1;LENGTE;;Platichthys flesus;J;Platichthys flesus;NVT;OE;NVT;mm;Boomkor;NOORDWWT;GEM;15-9-2023;1-8-2022;30-09-2022;1;>=
RWS_2022_05 vervuiling vis;D8C1;LENGTE;;Platichthys flesus;J;Platichthys flesus;NVT;OE;NVT;mm;Boomkor;NOORDWWT;STD;15-9-2023;1-8-2022;30-09-2022;1;>=
RWS_2022_05 vervuiling vis;D8C1;LENGTE;;Pleuronectes platessa;J;Pleuronectes platessa;NVT;OE;NVT;mm;Boomkor;"TERSLNWT40;IJMDWT80;DOGGBK";GEM;15-9-2023;1-8-2022;30-09-2022;1;>=
RWS_2022_05 vervuiling vis;D8C1;LENGTE;;Pleuronectes platessa;J;Pleuronectes platessa;NVT;OE;NVT;mm;Boomkor;"TERSLNWT40;IJMDWT80;DOGGBK";STD;15-9-2023;1-8-2022;30-09-2022;1;>=
RWS_2022_05 vervuiling vis;D8C1;AANTL;;Platichthys flesus;J;Platichthys flesus;NVT;OE;NVT;n;Boomkor;NOORDWWT;;15-9-2023;1-8-2022;30-09-2022;1;>=
RWS_2022_05 vervuiling vis;D8C1;AANTL;;Pleuronectes platessa;J;Pleuronectes platessa;NVT;OE;NVT;n;Boomkor;"TERSLNWT40;IJMDWT80;DOGGBK";;15-9-2023;1-8-2022;30-09-2022;1;>=
RWS_2022_05 vervuiling vis;D8C1;MASSA;;Platichthys flesus;J;Platichthys flesus;NVT;OE;LR;g;Boomkor;NOORDWWT;GEM;15-9-2023;1-8-2022;30-09-2022;1;>=
RWS_2022_05 vervuiling vis;D8C1;MASSA;;Pleuronectes platessa;J;Pleuronectes platessa;NVT;OE;LR;g;Boomkor;"TERSLNWT40;IJMDWT80;DOGGBK";GEM;15-9-2023;1-8-2022;30-09-2022;1;>=
RWS_2022_05 vervuiling vis;D8C1;MASSA;;Platichthys flesus;J;Platichthys flesus;NVT;OE;NVT;g;Boomkor;NOORDWWT;GEM;15-9-2023;1-8-2022;30-09-2022;1;>=
RWS_2022_05 vervuiling vis;D8C1;MASSA;;Pleuronectes platessa;J;Pleuronectes platessa;NVT;OE;NVT;g;Boomkor;"TERSLNWT40;IJMDWT80;DOGGBK";GEM;15-9-2023;1-8-2022;30-09-2022;1;>=
RWS_2022_05 vervuiling vis;D8C1;LEEFTD;;Platichthys flesus;J;Platichthys flesus;NVT;OE;NVT;a;Boomkor;NOORDWWT;GEM;15-9-2023;1-8-2022;30-09-2022;1;>=
RWS_2022_05 vervuiling vis;D8C1;LEEFTD;;Pleuronectes platessa;J;Pleuronectes platessa;NVT;OE;NVT;a;Boomkor;"TERSLNWT40;IJMDWT80;DOGGBK";GEM;15-9-2023;1-8-2022;30-09-2022;1;>=
RWS_2022_05 vervuiling vis;D8C1;MASSFTE;;Hg;;Pleuronectes platessa;NVT;OE;SW;mg/kg;Boomkor;"TERSLNWT40;IJMDWT80;DOGGBK";;15-9-2023;1-8-2022;30-09-2022;1;>=
RWS_2022_05 vervuiling vis;D8C1;MASSFTE;;DS;Grootheid;Pleuronectes platessa;NVT;OE;LR;%;Boomkor;"TERSLNWT40;IJMDWT80;DOGGBK";;15-9-2023;1-8-2022;30-09-2022;1;>=
RWS_2022_05 vervuiling vis;D8C1;MASSFTE;;DS;Grootheid;Pleuronectes platessa;NVT;OE;SW;%;Boomkor;"TERSLNWT40;IJMDWT80;DOGGBK";;15-9-2023;1-8-2022;30-09-2022;1;>=
RWS_2022_05 vervuiling vis;D8C1;MASSFTE;;VET;Object;Pleuronectes platessa;NVT;OE;LR;g/kg;Boomkor;"TERSLNWT40;IJMDWT80;DOGGBK";;15-9-2023;1-8-2022;30-09-2022;1;>=
RWS_2022_05 vervuiling vis;D8C1;MASSFTE;;verontr_in_vis;ChemischeStof;Pleuronectes platessa;NVT;OE;LR;ug/kg;Boomkor;"TERSLNWT40;IJMDWT80;DOGGBK";;15-9-2023;1-8-2022;30-09-2022;1;>=
RWS_2022_05 vervuiling vis;D8C1;MASSFTE;;metalen_in_vis;ChemischeStof;Pleuronectes platessa;NVT;OE;LR;mg/kg;Boomkor;"TERSLNWT40;IJMDWT80;DOGGBK";;15-9-2023;1-8-2022;30-09-2022;1;>=
RWS_2022_05 vervuiling vis;D8C1;MASSFTE;;Hg;;Platichthys flesus;NVT;OE;SW;mg/kg;Boomkor;NOORDWWT;;15-9-2023;1-8-2022;30-09-2022;1;>=
RWS_2022_05 vervuiling vis;D8C1;MASSFTE;;DS;Grootheid;Platichthys flesus;NVT;OE;LR;%;Boomkor;NOORDWWT;;15-9-2023;1-8-2022;30-09-2022;1;>=
RWS_2022_05 vervuiling vis;D8C1;MASSFTE;;DS;Grootheid;Platichthys flesus;NVT;OE;SW;%;Boomkor;NOORDWWT;;15-9-2023;1-8-2022;30-09-2022;1;>=
RWS_2022_05 vervuiling vis;D8C1;MASSFTE;;VET;Object;Platichthys flesus;NVT;OE;LR;g/kg;Boomkor;NOORDWWT;;15-9-2023;1-8-2022;30-09-2022;1;>=
RWS_2022_05 vervuiling vis;D8C1;MASSFTE;;verontr_in_vis;ChemischeStof;Platichthys flesus;NVT;OE;LR;ug/kg;Boomkor;NOORDWWT;;15-9-2023;1-8-2022;30-09-2022;1;>=
RWS_2022_05 vervuiling vis;D8C1;MASSFTE;;metalen_in_vis;ChemischeStof;Platichthys flesus;NVT;OE;LR;mg/kg;Boomkor;NOORDWWT;;15-9-2023;1-8-2022;30-09-2022;1;>=
RWS_2022_08 contam en eff in mar slak;D8C2;RPSI;;Nucella lapillus;J;Nucella lapillus;;OE;NVT;%;"Bodemschaaf;Handmatig";"HOLLSKZNND;HOLLSKZNMDN;HOLLSKZNZD;HARVKZNE;GREVLGKZNE;OOSTSDKZNE;WESTSDKZNE";GEM;15-9-2023;16-2-2022;31-7-2022;1;=
RWS_2022_08 contam en eff in mar slak;D8C2;;IMPSSDUM;;Typering;Nucella lapillus;;OE;VS;DIMSLS;"Bodemschaaf;Handmatig";"HOLLSKZNND;HOLLSKZNMDN;HOLLSKZNZD;HARVKZNE;GREVLGKZNE;OOSTSDKZNE;WESTSDKZNE";;15-9-2023;16-2-2022;31-7-2022;1;=
RWS_2022_08 contam en eff in mar slak;D8C2;MASSFTE;;organotin;ChemischeStof;Nucella lapillus;;OE;VS;ug/kg;"Bodemschaaf;Handmatig";"HOLLSKZNND;HOLLSKZNMDN;HOLLSKZNZD;HARVKZNE;GREVLGKZNE;OOSTSDKZNE;WESTSDKZNE";;15-9-2023;16-2-2022;31-7-2022;1;=
RWS_2022_08 contam en eff in mar slak;D8C2;MASSFTE;;DS;Grootheid;Nucella lapillus;;OE;VS;%;"Bodemschaaf;Handmatig";"HOLLSKZNND;HOLLSKZNMDN;HOLLSKZNZD;HARVKZNE;GREVLGKZNE;OOSTSDKZNE;WESTSDKZNE";;15-9-2023;16-2-2022;31-7-2022;1;=
RWS_2022_08 contam en eff in mar slak;D8C2;RPSI;;Nassarius reticulatus;J;Nassarius reticulatus;;OE;NVT;%;"Bodemschaaf;Handmatig";"HOLLSKZNND;HOLLSKZNMDN;HOLLSKZNZD;HARVKZNE;GREVLGKZNE;OOSTSDKZNE;WESTSDKZNE";GEM;15-9-2023;16-2-2022;31-7-2022;1;=
RWS_2022_08 contam en eff in mar slak;D8C2;;IMPSSDUM;;Typering;Nassarius reticulatus;;OE;VS;DIMSLS;"Bodemschaaf;Handmatig";"HOLLSKZNND;HOLLSKZNMDN;HOLLSKZNZD;HARVKZNE;GREVLGKZNE;OOSTSDKZNE;WESTSDKZNE";;15-9-2023;16-2-2022;31-7-2022;1;=
RWS_2022_08 contam en eff in mar slak;D8C2;MASSFTE;;organotin;ChemischeStof;Nassarius reticulatus;;OE;VS;ug/kg;"Bodemschaaf;Handmatig";"HOLLSKZNND;HOLLSKZNMDN;HOLLSKZNZD;HARVKZNE;GREVLGKZNE;OOSTSDKZNE;WESTSDKZNE";;15-9-2023;16-2-2022;31-7-2022;1;=
RWS_2022_08 contam en eff in mar slak;D8C2;MASSFTE;;DS;Grootheid;Nassarius reticulatus;;OE;VS;%;"Bodemschaaf;Handmatig";"HOLLSKZNND;HOLLSKZNMDN;HOLLSKZNZD;HARVKZNE;GREVLGKZNE;OOSTSDKZNE;WESTSDKZNE";;15-9-2023;16-2-2022;31-7-2022;1;=
RWS_2022_06 P_N_sal_chlor;D5C1;CONCTTE;;Nanorg;ChemischeStof;;Nnf;OW;;mg/l;"Roset sampler;Pomp;NVT";"NOORDWK2;NOORDWK10;NOORDWK20;NOORDWK70;TERSLG10;TERSLG50";NVT;15-9-2023;1-1-2022;30-9-2022;4;=
RWS_2022_06 P_N_sal_chlor;D5C1;CONCTTE;;PO4;ChemischeStof;;Pnf;OW;;mg/l;"Roset sampler;Pomp;NVT";"NOORDWK2;NOORDWK10;NOORDWK20;NOORDWK70;TERSLG10;TERSLG50";NVT;15-9-2023;1-1-2022;30-9-2022;4;=
RWS_2022_06 P_N_sal_chlor;D5C1;SALNTT;;SALNTT;Grootheid;;NVT;OW;;‰;"Roset sampler;Pomp;NVT";"NOORDWK2;NOORDWK10;NOORDWK20;NOORDWK70;TERSLG10;TERSLG50";NVT;15-9-2023;1-1-2022;30-9-2022;4;=
RWS_2022_06 P_N_sal_chlor;D5C1;CONCTTE;;Nanorg;ChemischeStof;;Nnf;OW;;mg/l;"Roset sampler;Pomp;NVT";"TERSLG100;TERSLG135;GOERE2;GOERE6;SCHOUWN10;WALCRN2;WALCRN20;WALCRN70";NVT;15-9-2023;1-1-2022;30-9-2022;3;=
RWS_2022_06 P_N_sal_chlor;D5C1;CONCTTE;;PO4;ChemischeStof;;Pnf;OW;;mg/l;"Roset sampler;Pomp;NVT";"TERSLG100;TERSLG135;GOERE2;GOERE6;SCHOUWN10;WALCRN2;WALCRN20;WALCRN70";NVT;15-9-2023;1-1-2022;30-9-2022;3;=
RWS_2022_06 P_N_sal_chlor;D5C1;SALNTT;;SALNTT;Grootheid;;NVT;OW;;‰;"Roset sampler;Pomp;NVT";"TERSLG100;TERSLG135;GOERE2;GOERE6;SCHOUWN10;WALCRN2;WALCRN20;WALCRN70";NVT;15-9-2023;1-1-2022;30-9-2022;3;=
RWS_2022_06 P_N_sal_chlor;D5C1;CONCTTE;;Nanorg;ChemischeStof;;Nnf;OW;;mg/l;"Roset sampler;Pomp;NVT";"TERSLG175;TERSLG235";NVT;15-9-2023;1-1-2022;30-9-2022;1;=
RWS_2022_06 P_N_sal_chlor;D5C1;CONCTTE;;PO4;ChemischeStof;;Pnf;OW;;mg/l;"Roset sampler;Pomp;NVT";"TERSLG175;TERSLG235";NVT;15-9-2023;1-1-2022;30-9-2022;1;=
RWS_2022_06 P_N_sal_chlor;D5C1;SALNTT;;SALNTT;Grootheid;;NVT;OW;;‰;"Roset sampler;Pomp;NVT";"TERSLG175;TERSLG235";NVT;15-9-2023;1-1-2022;30-9-2022;1;=
RWS_2022_06 P_N_sal_chlor;D5C2;CONCTTE;;CHLFa;ChemischeStof;;NVT;OW;;ug/l;"Roset sampler;Pomp;NVT";"NOORDWK2;NOORDWK10;NOORDWK20;NOORDWK70;TERSLG10;TERSLG50;TERSLG100;TERSLG135;ROTTMPT50;ROTTMPT70;GOERE2;GOERE6;SCHOUWN10;WALCRN2;WALCRN20;WALCRN70;TERSLG175;TERSLG235";P90;15-9-2023;1-1-2022;30-9-2022;1;=
RWS_2022_06 P_N_sal_chlor;D5C2;CONCTTE;;CHLFa;ChemischeStof;;NVT;OW;;ug/l;"Roset sampler;Pomp;NVT";"NOORDWK2;NOORDWK10;NOORDWK20;NOORDWK70;TERSLG10;TERSLG50";NVT;15-9-2023;1-1-2022;30-9-2022;13;=
RWS_2022_06 P_N_sal_chlor;D5C2;CONCTTE;;CHLFa;ChemischeStof;;NVT;OW;;ug/l;"Roset sampler;Pomp;NVT";"TERSLG100;TERSLG135;ROTTMPT50;ROTTMPT70;GOERE2;GOERE6;SCHOUWN10;WALCRN2;WALCRN20;WALCRN70";NVT;15-9-2023;1-1-2022;30-9-2022;7;=
RWS_2022_06 P_N_sal_chlor;D5C2;CONCTTE;;CHLFa;ChemischeStof;;NVT;OW;;ug/l;"Roset sampler;Pomp;NVT";"TERSLG175;TERSLG235";NVT;15-9-2023;1-1-2022;30-9-2022;3;=
RWS_2022_12_O2_T_sal_3_dieptes;D5C5;VERZDGGD;;O2;ChemischeStof;;;OW;;%;"Roset sampler;Pomp";"TERSLG100;TERSLG135";NVT;15-9-2023;1-3-2022;30-9-2022;12;>=
RWS_2022_12_O2_T_sal_3_dieptes;D5C5;T;;T;Grootheid;;;OW;;oC;"Roset sampler;Pomp";"TERSLG100;TERSLG135";NVT;15-9-2023;1-3-2022;30-9-2022;12;>=
RWS_2022_12_O2_T_sal_3_dieptes;D5C5;SALNTT;;SALNTT;Grootheid;;;OW;;‰;"Roset sampler;Pomp";"TERSLG100;TERSLG135";NVT;15-9-2023;1-3-2022;30-9-2022;12;>=
RWS_2022_12_O2_T_sal_3_dieptes;D5C5;VERZDGGD;;O2;ChemischeStof;;;OW;;%;"Roset sampler;Pomp";"TERSLG175;TERSLG235";NVT;15-9-2023;1-3-2022;30-9-2022;4;=
RWS_2022_12_O2_T_sal_3_dieptes;D5C5;T;;T;Grootheid;;;OW;;oC;"Roset sampler;Pomp";"TERSLG175;TERSLG235";NVT;15-9-2023;1-3-2022;30-9-2022;4;=
RWS_2022_12_O2_T_sal_3_dieptes;D5C5;SALNTT;;SALNTT;Grootheid;;;OW;;‰;"Roset sampler;Pomp";"TERSLG175;TERSLG235";NVT;15-9-2023;1-3-2022;30-9-2022;4;=
RWS_2022_14 zeehonden Delta;"D1C2;D1C3";AANTL;;zeehonden;J;;LS-AD;OR;;n;NVT;"VOORDELTA;GR;WS;OS";;15-9-2023;1-07-2021;1-07-2022;9;>=
RWS_2022_14 zeehonden Delta;"D1C2;D1C3";AANTL;;zeehonden;J;;LS-JU;OR;;n;NVT;"VOORDELTA;GR;WS;OS";;15-9-2023;1-07-2021;1-07-2022;3;>=
RWS_2022_14 zeehonden Delta;"D1C2;D1C3";AANTL;;zeehonden;J;;LS-XX;OR;;n;NVT;"VOORDELTA;GR;WS;OS";;15-9-2023;1-07-2021;1-07-2022;12; >=
RWS_2022_03b bruinvis;D1C2;AANTPOPVTE;;Phocoena Phocoena;J;;;NVT;;n/km2;NVT;"BRUINEBANK;FRIESEFR;NCP_vanaf_12mijl;TZ;BSTENEN;KUSTZONE_2020;NCP_vanaf_10km;COESTERGR;DOGGBANK;GASFONTEIN;KLAVERBANK;KUSTZEE;NZKUSTZONE;VLVDRAAN;VOORDELTA;ZBANKEN;Zee_Buiten_MPAs";MODUS;15-9-2023;1-8-2021;31-8-2022;6;=
RWS_2022_03b bruinvis;D1C2;AANTPOPVTE;;Phocoena Phocoena;J;;;NVT;;n/km2;NVT;"BRUINEBANK;FRIESEFR;NCP_vanaf_12mijl;TZ;BSTENEN;KUSTZONE_2020;NCP_vanaf_10km;COESTERGR;DOGGBANK;GASFONTEIN;KLAVERBANK;KUSTZEE;NZKUSTZONE;VLVDRAAN;VOORDELTA;ZBANKEN;Zee_Buiten_MPAs";P97.5;15-9-2023;1-8-2021;31-8-2022;6;=
RWS_2022_03b bruinvis;D1C2;AANTPOPVTE;;Phocoena Phocoena;J;;;NVT;;n/km2;NVT;"BRUINEBANK;FRIESEFR;NCP_vanaf_12mijl;TZ;BSTENEN;KUSTZONE_2020;NCP_vanaf_10km;COESTERGR;DOGGBANK;GASFONTEIN;KLAVERBANK;KUSTZEE;NZKUSTZONE;VLVDRAAN;VOORDELTA;ZBANKEN;Zee_Buiten_MPAs";P02.5;15-9-2023;1-8-2021;31-8-2022;6;=
RWS_2022_03b bruinvis;D1C2;AANTL;;Phocoena Phocoena;J;;;NVT;;n;NVT;"BRUINEBANK;FRIESEFR;NCP_vanaf_12mijl;TZ;BSTENEN;KUSTZONE_2020;NCP_vanaf_10km;COESTERGR;DOGGBANK;GASFONTEIN;KLAVERBANK;KUSTZEE;NZKUSTZONE;VLVDRAAN;VOORDELTA;ZBANKEN;Zee_Buiten_MPAs";MODUS;15-9-2023;1-8-2021;31-8-2022;6;=
RWS_2022_03b bruinvis;D1C2;AANTL;;Phocoena Phocoena;J;;;NVT;;n;NVT;"BRUINEBANK;FRIESEFR;NCP_vanaf_12mijl;TZ;BSTENEN;KUSTZONE_2020;NCP_vanaf_10km;COESTERGR;DOGGBANK;GASFONTEIN;KLAVERBANK;KUSTZEE;NZKUSTZONE;VLVDRAAN;VOORDELTA;ZBANKEN;Zee_Buiten_MPAs";P97.5;15-9-2023;1-8-2021;31-8-2022;6;=
RWS_2022_03b bruinvis;D1C2;AANTL;;Phocoena Phocoena;J;;;NVT;;n;NVT;"BRUINEBANK;FRIESEFR;NCP_vanaf_12mijl;TZ;BSTENEN;KUSTZONE_2020;NCP_vanaf_10km;COESTERGR;DOGGBANK;GASFONTEIN;KLAVERBANK;KUSTZEE;NZKUSTZONE;VLVDRAAN;VOORDELTA;ZBANKEN;Zee_Buiten_MPAs";P02.5;15-9-2023;1-8-2021;31-8-2022;6;=
RWS_2022_03a vogels;D1C2;AANTPOPVTE;;zeevogels;J;;;NVT;;n/km2;NVT;"BRUINEBANK;FRIESEFR;NCP_vanaf_12mijl;TZ;BSTENEN;KUSTZONE_2020;NCP_vanaf_10km;COESTERGR;DOGGBANK;GASFONTEIN;KLAVERBANK;KUSTZEE;NZKUSTZONE;VLVDRAAN;VOORDELTA;ZBANKEN;Zee_Buiten_MPAs";MODUS;15-9-2023;1-8-2021;31-8-2022;6; =
RWS_2022_03a vogels;D1C2;AANTPOPVTE;;zeevogels;J;;;NVT;;n/km2;NVT;"BRUINEBANK;FRIESEFR;NCP_vanaf_12mijl;TZ;BSTENEN;KUSTZONE_2020;NCP_vanaf_10km;COESTERGR;DOGGBANK;GASFONTEIN;KLAVERBANK;KUSTZEE;NZKUSTZONE;VLVDRAAN;VOORDELTA;ZBANKEN;Zee_Buiten_MPAs";P97.5;15-9-2023;1-8-2021;31-8-2022;6; =
RWS_2022_03a vogels;D1C2;AANTPOPVTE;;zeevogels;J;;;NVT;;n/km2;NVT;"BRUINEBANK;FRIESEFR;NCP_vanaf_12mijl;TZ;BSTENEN;KUSTZONE_2020;NCP_vanaf_10km;COESTERGR;DOGGBANK;GASFONTEIN;KLAVERBANK;KUSTZEE;NZKUSTZONE;VLVDRAAN;VOORDELTA;ZBANKEN;Zee_Buiten_MPAs";P02.5;15-9-2023;1-8-2021;31-8-2022;6; =
RWS_2022_03a vogels;D1C2;AANTL;;zeevogels;J;;;NVT;;n;NVT;"BRUINEBANK;FRIESEFR;NCP_vanaf_12mijl;TZ;BSTENEN;KUSTZONE_2020;NCP_vanaf_10km;COESTERGR;DOGGBANK;GASFONTEIN;KLAVERBANK;KUSTZEE;NZKUSTZONE;VLVDRAAN;VOORDELTA;ZBANKEN;Zee_Buiten_MPAs";MODUS;15-9-2023;1-8-2021;31-8-2022;6; =
RWS_2022_03a vogels;D1C2;AANTL;;zeevogels;J;;;NVT;;n;NVT;"BRUINEBANK;FRIESEFR;NCP_vanaf_12mijl;TZ;BSTENEN;KUSTZONE_2020;NCP_vanaf_10km;COESTERGR;DOGGBANK;GASFONTEIN;KLAVERBANK;KUSTZEE;NZKUSTZONE;VLVDRAAN;VOORDELTA;ZBANKEN;Zee_Buiten_MPAs";P97.5;15-9-2023;1-8-2021;31-8-2022;6; =
RWS_2022_03a vogels;D1C2;AANTL;;zeevogels;J;;;NVT;;n;NVT;"BRUINEBANK;FRIESEFR;NCP_vanaf_12mijl;TZ;BSTENEN;KUSTZONE_2020;NCP_vanaf_10km;COESTERGR;DOGGBANK;GASFONTEIN;KLAVERBANK;KUSTZEE;NZKUSTZONE;VLVDRAAN;VOORDELTA;ZBANKEN;Zee_Buiten_MPAs";P02.5;15-9-2023;1-8-2021;31-8-2022;6; =
RWS_2022_03c zwarte zee_eend;D1C2;AANTPOPVTE;;Melanitta nigra;J;;;NVT;;n/km2;NVT;"BRUINEBANK;FRIESEFR;NCP_vanaf_12mijl;TZ;BSTENEN;KUSTZONE_2020;NCP_vanaf_10km;COESTERGR;DOGGBANK;GASFONTEIN;KLAVERBANK;KUSTZEE;NZKUSTZONE;VLVDRAAN;VOORDELTA;ZBANKEN;Zee_Buiten_MPAs";MODUS;15-9-2023;1-8-2020;31-8-2022;6; =
RWS_2022_03c zwarte zee_eend;D1C2;AANTPOPVTE;;Melanitta nigra;J;;;NVT;;n/km2;NVT;"BRUINEBANK;FRIESEFR;NCP_vanaf_12mijl;TZ;BSTENEN;KUSTZONE_2020;NCP_vanaf_10km;COESTERGR;DOGGBANK;GASFONTEIN;KLAVERBANK;KUSTZEE;NZKUSTZONE;VLVDRAAN;VOORDELTA;ZBANKEN;Zee_Buiten_MPAs";P97.5;15-9-2023;1-8-2020;31-8-2022;6; =
RWS_2022_03c zwarte zee_eend;D1C2;AANTPOPVTE;;Melanitta nigra;J;;;NVT;;n/km2;NVT;"BRUINEBANK;FRIESEFR;NCP_vanaf_12mijl;TZ;BSTENEN;KUSTZONE_2020;NCP_vanaf_10km;COESTERGR;DOGGBANK;GASFONTEIN;KLAVERBANK;KUSTZEE;NZKUSTZONE;VLVDRAAN;VOORDELTA;ZBANKEN;Zee_Buiten_MPAs";P02.5;15-9-2023;1-8-2020;31-8-2022;6; =
RWS_2022_03c zwarte zee_eend;D1C2;AANTL;;Melanitta nigra;J;;;NVT;;n;NVT;"BRUINEBANK;FRIESEFR;NCP_vanaf_12mijl;TZ;BSTENEN;KUSTZONE_2020;NCP_vanaf_10km;COESTERGR;DOGGBANK;GASFONTEIN;KLAVERBANK;KUSTZEE;NZKUSTZONE;VLVDRAAN;VOORDELTA;ZBANKEN;Zee_Buiten_MPAs";MODUS;15-9-2023;1-8-2020;31-8-2022;6; =
RWS_2022_03c zwarte zee_eend;D1C2;AANTL;;Melanitta nigra;J;;;NVT;;n;NVT;"BRUINEBANK;FRIESEFR;NCP_vanaf_12mijl;TZ;BSTENEN;KUSTZONE_2020;NCP_vanaf_10km;COESTERGR;DOGGBANK;GASFONTEIN;KLAVERBANK;KUSTZEE;NZKUSTZONE;VLVDRAAN;VOORDELTA;ZBANKEN;Zee_Buiten_MPAs";P97.5;15-9-2023;1-8-2020;31-8-2022;6; =
RWS_2022_03c zwarte zee_eend;D1C2;AANTL;;Melanitta nigra;J;;;NVT;;n;NVT;"BRUINEBANK;FRIESEFR;NCP_vanaf_12mijl;TZ;BSTENEN;KUSTZONE_2020;NCP_vanaf_10km;COESTERGR;DOGGBANK;GASFONTEIN;KLAVERBANK;KUSTZEE;NZKUSTZONE;VLVDRAAN;VOORDELTA;ZBANKEN;Zee_Buiten_MPAs";P02.5;15-9-2023;1-8-2020;31-8-2022;6; =
RWS_2022_07 verontr in sed;D8C1;MASSFTE;;microverontrsed_mg_kg;ChemischeStof;;dg;BS;;mg/kg;Box-corer;"IJMDBTN1;TERSLG100;NOORDWK2";NVT;15-9-2023;20-2-2022;30-4-2022;1;=
RWS_2022_07 verontr in sed;D8C1;MASSFTE;;microverontrsed_ug_kg;ChemischeStof;;dg;BS;;ug/kg;Box-corer;"IJMDBTN1;TERSLG100;NOORDWK2";NVT;15-9-2023;20-2-2022;30-4-2022;1;=
RWS_2022_07 verontr in sed;D8C1;MASSFTE;;Corg;ChemischeStof;;dg;BS;;%;Box-corer;"IJMDBTN1;TERSLG100;NOORDWK2";NVT;15-9-2023;20-2-2022;30-4-2022;1;=
WMR_2022_02b zeehond;"D1C2;D1C3";AANTL;;zeehonden;J;;LS-AD;OR;;n;Aerial surveys of Harbour Seals in the Wadden Sea in 2022;Waddengebied;;15-9-2023;1-1-2022;31-12-2022;21;<=
WMR_2022_02b zeehond;"D1C2;D1C3";AANTL;;zeehonden;J;;LS-JU;OR;;n;Aerial surveys of Harbour Seals in the Wadden Sea in 2022;Waddengebied;;15-9-2023;1-1-2022;31-12-2022;14;<=
WFSR_2022;D9C1;MASSFTE;;WSFR-22 mg/kg;ChemischeStof;Scomber scombrus;NVT;OE;FT;mg/kg;NVT;NOORDZEE;;15-9-2023;1-1-2022;31-10-2022;1;>=
WFSR_2022;D9C1;MASSFTE;;WSFR-22 ng/g;ChemischeStof;Scomber scombrus;NVT;OE;FT;ng/g;NVT;NOORDZEE;;15-9-2023;1-1-2022;31-10-2022;1;>=
WFSR_2022;D9C1;MASSFTE;;WSFR-22 pg/g;ChemischeStof;Scomber scombrus;NVT;OE;FT;pg/g;NVT;NOORDZEE;;15-9-2023;1-1-2022;31-10-2022;1;>=
WFSR_2022;D9C1;MASSFTE;;VET;Object;Scomber scombrus;NVT;OE;FT;%;NVT;NOORDZEE;;15-9-2023;1-1-2022;31-10-2022;1;>=
WFSR_2022;D9C1;MASSFTE;;WSFR-22 mg/kg;ChemischeStof;Trachurus trachurus;NVT;OE;FT;mg/kg;NVT;NOORDZEE;;15-9-2023;1-1-2022;31-10-2022;1;>=
WFSR_2022;D9C1;MASSFTE;;WSFR-22 ng/g;ChemischeStof;Trachurus trachurus;NVT;OE;FT;ng/g;NVT;NOORDZEE;;15-9-2023;1-1-2022;31-10-2022;1;>=
WFSR_2022;D9C1;MASSFTE;;WSFR-22 pg/g;ChemischeStof;Trachurus trachurus;NVT;OE;FT;pg/g;NVT;NOORDZEE;;15-9-2023;1-1-2022;31-10-2022;1;>=
WFSR_2022;D9C1;MASSFTE;;VET;Object;Trachurus trachurus;NVT;OE;FT;%;NVT;NOORDZEE;;15-9-2023;1-1-2022;31-10-2022;1;>=
WFSR_2022;D9C1;MASSFTE;;WSFR-22 mg/kg;ChemischeStof;Micromesistius poutassou;NVT;OE;FT;mg/kg;NVT;NOORDZEE;;15-9-2023;1-1-2022;31-10-2022;3;>=
WFSR_2022;D9C1;MASSFTE;;WSFR-22 ng/g;ChemischeStof;Micromesistius poutassou;NVT;OE;FT;ng/g;NVT;NOORDZEE;;15-9-2023;1-1-2022;31-10-2022;3;>=
WFSR_2022;D9C1;MASSFTE;;WSFR-22 pg/g;ChemischeStof;Micromesistius poutassou;NVT;OE;FT;pg/g;NVT;NOORDZEE;;15-9-2023;1-1-2022;31-10-2022;3;>=
WFSR_2022;D9C1;MASSFTE;;VET;Object;Micromesistius poutassou;NVT;OE;FT;%;NVT;NOORDZEE;;15-9-2023;1-1-2022;31-10-2022;3;>=
WFSR_2022;D9C1;MASSFTE;;WSFR-22 mg/kg;ChemischeStof;Limanda limanda;NVT;OE;FT;mg/kg;NVT;NOORDZEE;;15-9-2023;1-1-2022;31-10-2022;1;>=
WFSR_2022;D9C1;MASSFTE;;WSFR-22 ng/g;ChemischeStof;Limanda limanda;NVT;OE;FT;ng/g;NVT;NOORDZEE;;15-9-2023;1-1-2022;31-10-2022;1;>=
WFSR_2022;D9C1;MASSFTE;;WSFR-22 pg/g;ChemischeStof;Limanda limanda;NVT;OE;FT;pg/g;NVT;NOORDZEE;;15-9-2023;1-1-2022;31-10-2022;1;>=
WFSR_2022;D9C1;MASSFTE;;VET;Object;Limanda limanda;NVT;OE;FT;%;NVT;NOORDZEE;;15-9-2023;1-1-2022;31-10-2022;1;>=
WFSR_2022;D9C1;MASSFTE;;WSFR-22 mg/kg;ChemischeStof;Melanogrammus aeglefinus;NVT;OE;FT;mg/kg;NVT;NOORDZEE;;15-9-2023;1-1-2022;31-10-2022;1;>=
WFSR_2022;D9C1;MASSFTE;;WSFR-22 ng/g;ChemischeStof;Melanogrammus aeglefinus;NVT;OE;FT;ng/g;NVT;NOORDZEE;;15-9-2023;1-1-2022;31-10-2022;1;>=
WFSR_2022;D9C1;MASSFTE;;WSFR-22 pg/g;ChemischeStof;Melanogrammus aeglefinus;NVT;OE;FT;pg/g;NVT;NOORDZEE;;15-9-2023;1-1-2022;31-10-2022;1;>=
WFSR_2022;D9C1;MASSFTE;;VET;Object;Melanogrammus aeglefinus;NVT;OE;FT;%;NVT;NOORDZEE;;15-9-2023;1-1-2022;31-10-2022;1;>=
WFSR_2022;D9C1;MASSFTE;;WSFR-22 mg/kg;ChemischeStof;Clupea harengus;NVT;OE;FT;mg/kg;NVT;NOORDZEE;;15-9-2023;1-1-2022;31-10-2022;1;>=
WFSR_2022;D9C1;MASSFTE;;WSFR-22 ng/g;ChemischeStof;Clupea harengus;NVT;OE;FT;ng/g;NVT;NOORDZEE;;15-9-2023;1-1-2022;31-10-2022;1;>=
WFSR_2022;D9C1;MASSFTE;;WSFR-22 pg/g;ChemischeStof;Clupea harengus;NVT;OE;FT;pg/g;NVT;NOORDZEE;;15-9-2023;1-1-2022;31-10-2022;1;>=
WFSR_2022;D9C1;MASSFTE;;VET;Object;Clupea harengus;NVT;OE;FT;%;NVT;NOORDZEE;;15-9-2023;1-1-2022;31-10-2022;1;>=
WFSR_2022;D9C1;MASSFTE;;WSFR-22 mg/kg;ChemischeStof;Merlangius merlangus;NVT;OE;FT;mg/kg;NVT;NOORDZEE;;15-9-2023;1-1-2022;31-10-2022;1;>=
WFSR_2022;D9C1;MASSFTE;;WSFR-22 ng/g;ChemischeStof;Merlangius merlangus;NVT;OE;FT;ng/g;NVT;NOORDZEE;;15-9-2023;1-1-2022;31-10-2022;1;>=
WFSR_2022;D9C1;MASSFTE;;WSFR-22 pg/g;ChemischeStof;Merlangius merlangus;NVT;OE;FT;pg/g;NVT;NOORDZEE;;15-9-2023;1-1-2022;31-10-2022;1;>=
WFSR_2022;D9C1;MASSFTE;;VET;Object;Merlangius merlangus;NVT;OE;FT;%;NVT;NOORDZEE;;15-9-2023;1-1-2022;31-10-2022;1;>=
WFSR_2022;D9C1;MASSFTE;;WSFR-22 mg/kg;ChemischeStof;Pleuronectes platessa;NVT;OE;FT;mg/kg;NVT;NOORDZEE;;15-9-2023;1-1-2022;31-10-2022;1;>=
WFSR_2022;D9C1;MASSFTE;;WSFR-22 ng/g;ChemischeStof;Pleuronectes platessa;NVT;OE;FT;ng/g;NVT;NOORDZEE;;15-9-2023;1-1-2022;31-10-2022;1;>=
WFSR_2022;D9C1;MASSFTE;;WSFR-22 pg/g;ChemischeStof;Pleuronectes platessa;NVT;OE;FT;pg/g;NVT;NOORDZEE;;15-9-2023;1-1-2022;31-10-2022;1;>=
WFSR_2022;D9C1;MASSFTE;;VET;Object;Pleuronectes platessa;NVT;OE;FT;%;NVT;NOORDZEE;;15-9-2023;1-1-2022;31-10-2022;1;>=
WMR_2023_03 Trekvissen;"D1C2;D1C4;D1C5";AANTL;;Alosa alosa;J;;NVT;OW;;n;"Schietfuik;Fuik";NL94_9;;15-9-2023;1-1-2022;31-12-2022;1;>=
WMR_2023_03 Trekvissen;"D1C2;D1C4;D1C5";AANTPTD;;Alosa alosa;J;;NVT;OW;;n/d;"Schietfuik;Fuik";NL94_9;;15-9-2023;1-1-2022;31-12-2022;1;>=
WMR_2023_03 Trekvissen;"D1C2;D1C4;D1C5";INSNG;;Alosa alosa;J;;NVT;OW;;d;"Schietfuik;Fuik";NL94_9;;15-9-2023;1-1-2022;31-12-2022;1;>=
WMR_2023_03 Trekvissen;"D1C2;D1C4;D1C5";MASSPTD;;Alosa alosa;J;;NVT;OW;;kg/d;"Schietfuik;Fuik";NL94_9;;15-9-2023;1-1-2022;31-12-2022;1;>=
WMR_2023_03 Trekvissen;"D1C2;D1C4;D1C5";NG;;Alosa alosa;J;;NVT;OW;;kg;"Schietfuik;Fuik";NL94_9;;15-9-2023;1-1-2022;31-12-2022;1;>=
WMR_2023_03 Trekvissen;"D1C2;D1C4;D1C5";AANTL;;Alosa fallax;J;;NVT;OW;;n;"Schietfuik;Fuik";"NL92_IJSSELMEER;NL94_9;NL94_11";;15-9-2023;1-1-2022;31-12-2022;1;>=
WMR_2023_03 Trekvissen;"D1C2;D1C4;D1C5";AANTPTD;;Alosa fallax;J;;NVT;OW;;n/d;"Schietfuik;Fuik";"NL92_IJSSELMEER;NL94_9;NL94_11";;15-9-2023;1-1-2022;31-12-2022;1;>=
WMR_2023_03 Trekvissen;"D1C2;D1C4;D1C5";INSNG;;Alosa fallax;J;;NVT;OW;;d;"Schietfuik;Fuik";"NL92_IJSSELMEER;NL94_9;NL94_11";;15-9-2023;1-1-2022;31-12-2022;1;>=
WMR_2023_03 Trekvissen;"D1C2;D1C4;D1C5";AANTL;;Barbus barbus;J;;NVT;OW;;n;Elektroschepnet;NL91GM;;15-9-2023;1-1-2022;31-12-2022;1;>=
WMR_2023_03 Trekvissen;"D1C2;D1C4;D1C5";AANTPLTE;;Barbus barbus;J;;NVT;OW;;n/km;Elektroschepnet;NL91GM;;15-9-2023;1-1-2022;31-12-2022;1;>=
WMR_2023_03 Trekvissen;"D1C2;D1C4;D1C5";INSNG;;Barbus barbus;J;;NVT;OW;;m;Elektroschepnet;NL91GM;;15-9-2023;1-1-2022;31-12-2022;1;>=
WMR_2023_03 Trekvissen;"D1C2;D1C4;D1C5";MASSPLTE;;Barbus barbus;J;;NVT;OW;;kg/km;Elektroschepnet;NL91GM;;15-9-2023;1-1-2022;31-12-2022;1;>=
WMR_2023_03 Trekvissen;"D1C2;D1C4;D1C5";NG;;Barbus barbus;J;;NVT;OW;;kg;Elektroschepnet;NL91GM;;15-9-2023;1-1-2022;31-12-2022;1;>=
WMR_2023_03 Trekvissen;"D1C2;D1C4;D1C5";AANTL;;Coregonus oxyrhynchus;J;;NVT;OW;;n;"Schietfuik;Fuik";"NL92_IJSSELMEER;NL94_9;NL94_11";;15-9-2023;1-1-2022;31-12-2022;1;>=
WMR_2023_03 Trekvissen;"D1C2;D1C4;D1C5";AANTPTD;;Coregonus oxyrhynchus;J;;NVT;OW;;n/d;"Schietfuik;Fuik";"NL92_IJSSELMEER;NL94_9;NL94_11";;15-9-2023;1-1-2022;31-12-2022;1;>=
WMR_2023_03 Trekvissen;"D1C2;D1C4;D1C5";INSNG;;Coregonus oxyrhynchus;J;;NVT;OW;;d;"Schietfuik;Fuik";"NL92_IJSSELMEER;NL94_9;NL94_11";;15-9-2023;1-1-2022;31-12-2022;1;>=
WMR_2023_03 Trekvissen;"D1C2;D1C4;D1C5";AANTL;;Petromyzon marinus;J;;NVT;OW;;n;"Schietfuik;Fuik";"NL92_IJSSELMEER;NL94_9;NL94_11";;15-9-2023;1-1-2022;31-12-2022;1;>=
WMR_2023_03 Trekvissen;"D1C2;D1C4;D1C5";AANTPTD;;Petromyzon marinus;J;;NVT;OW;;n/d;"Schietfuik;Fuik";"NL92_IJSSELMEER;NL94_9;NL94_11";;15-9-2023;1-1-2022;31-12-2022;1;>=
WMR_2023_03 Trekvissen;"D1C2;D1C4;D1C5";INSNG;;Petromyzon marinus;J;;NVT;OW;;d;"Schietfuik;Fuik";"NL92_IJSSELMEER;NL94_9;NL94_11";;15-9-2023;1-1-2022;31-12-2022;1;>=
WMR_2023_03 Trekvissen;"D1C2;D1C4;D1C5";AANTL;;Salmo salar;J;;NVT;OW;;n;Zalmsteek;NL93_8;;15-9-2023;1-1-2022;31-12-2022;1;>=
WMR_2023_03 Trekvissen;"D1C2;D1C4;D1C5";AANTPTD;;Salmo salar;J;;NVT;OW;;n/d;Zalmsteek;NL93_8;;15-9-2023;1-1-2022;31-12-2022;1;>=
WMR_2023_03 Trekvissen;"D1C2;D1C4;D1C5";INSNG;;Salmo salar;J;;NVT;OW;;d;Zalmsteek;NL93_8;;15-9-2023;1-1-2022;31-12-2022;1;>=
WMR_2023_03 Trekvissen;"D1C2;D1C4;D1C5";MASSPTD;;Salmo salar;J;;NVT;OW;;kg/d;Zalmsteek;NL93_8;;15-9-2023;1-1-2022;31-12-2022;1;>=
WMR_2023_03 Trekvissen;"D1C2;D1C4;D1C5";NG;;Salmo salar;J;;NVT;OW;;kg;Zalmsteek;NL93_8;;15-9-2023;1-1-2022;31-12-2022;1;>=
RWS_2022_10 zwerfvuil op strand;D10C1;AANTPLTE;;zwerfvuil op strand;Object;;NVT;OR;NVT;n/hm;NVT;"strand_Bergen;strand_Veere;strand_Noordwijk;strand_Terschelling";NVT;15-9-2023;1-1-2022;31-12-2022;4;=
RWS_2022_11 plastic in stormvogels;D10C3;MASSA;;OSPAR_PLAIND;Object;Fulmarus glacialis;NVT;OE;MG;g;NVT;alle_stranden;NVT;15-9-2023;1-4-2021;31-12-2022;30;>=
RWS_2022_11 plastic in stormvogels;D10C3;MASSA;;OSPAR_PLATOT;Object;Fulmarus glacialis;NVT;OE;MG;g;NVT;alle_stranden;NVT;15-9-2023;1-4-2021;31-12-2022;30;>=
RWS_2022_11 plastic in stormvogels;D10C3;MASSA;;OSPAR_PLAUSE;Object;Fulmarus glacialis;NVT;OE;MG;g;NVT;alle_stranden;NVT;15-9-2023;1-4-2021;31-12-2022;30;>=
RWS_2022_11 plastic in stormvogels;D10C3;AANTL;;OSPAR_PLAIND;Object;Fulmarus glacialis;NVT;OE;MG;n;NVT;alle_stranden;NVT;15-9-2023;1-4-2021;31-12-2022;30;>=
RWS_2022_11 plastic in stormvogels;D10C3;AANTL;;OSPAR_PLATOT;Object;Fulmarus glacialis;NVT;OE;MG;n;NVT;alle_stranden;NVT;15-9-2023;1-4-2021;31-12-2022;30;>=
RWS_2022_11 plastic in stormvogels;D10C3;AANTL;;OSPAR_PLAUSE;Object;Fulmarus glacialis;NVT;OE;MG;n;NVT;alle_stranden;NVT;15-9-2023;1-4-2021;31-12-2022;30;>=
RWS_2022_11 plastic in stormvogels;D10C3;;LEVSDM;;Typering;Fulmarus glacialis;NVT;OE;MG;DIMSLS;NVT;alle_stranden;NVT;15-9-2023;1-4-2021;31-12-2022;30;>=
RWS_2022_11 plastic in stormvogels;D10C3;;SEXE;;Typering;Fulmarus glacialis;NVT;OE;MG;DIMSLS;NVT;alle_stranden;NVT;15-9-2023;1-4-2021;31-12-2022;30;>=
RWS_2020_06 P_N_sal_chlor;D5C1;CONCTTE;;Nanorg;ChemischeStof;;Nnf;OW;;mg/l;"Roset sampler;Pomp;NVT";"NOORDWK2;NOORDWK10;NOORDWK20;NOORDWK70;TERSLG10;TERSLG50";NVT;15-9-2021;1-12-2019;30-9-2020;4;=
RWS_2020_06 P_N_sal_chlor;D5C1;CONCTTE;;PO4;ChemischeStof;;Pnf;OW;;mg/l;"Roset sampler;Pomp;NVT";"NOORDWK2;NOORDWK10;NOORDWK20;NOORDWK70;TERSLG10;TERSLG50";NVT;15-9-2021;1-12-2019;30-9-2020;4;=
RWS_2020_06 P_N_sal_chlor;D5C1;SALNTT;;SALNTT;Grootheid;;NVT;OW;;‰;"Roset sampler;Pomp;NVT";"NOORDWK2;NOORDWK10;NOORDWK20;NOORDWK70;TERSLG10;TERSLG50";NVT;15-9-2021;1-12-2019;30-9-2020;4;=
RWS_2020_06 P_N_sal_chlor;D5C1;CONCTTE;;Nanorg;ChemischeStof;;Nnf;OW;;mg/l;"Roset sampler;Pomp;NVT";"TERSLG100;TERSLG135;GOERE2;GOERE6;SCHOUWN10;WALCRN2;WALCRN20;WALCRN70";NVT;15-9-2021;1-12-2019;30-9-2020;3;=
RWS_2020_06 P_N_sal_chlor;D5C1;CONCTTE;;PO4;ChemischeStof;;Pnf;OW;;mg/l;"Roset sampler;Pomp;NVT";"TERSLG100;TERSLG135;GOERE2;GOERE6;SCHOUWN10;WALCRN2;WALCRN20;WALCRN70";NVT;15-9-2021;1-12-2019;30-9-2020;3;=
RWS_2020_06 P_N_sal_chlor;D5C1;SALNTT;;SALNTT;Grootheid;;NVT;OW;;‰;"Roset sampler;Pomp;NVT";"TERSLG100;TERSLG135;GOERE2;GOERE6;SCHOUWN10;WALCRN2;WALCRN20;WALCRN70";NVT;15-9-2021;1-12-2019;30-9-2020;3;=
RWS_2020_06 P_N_sal_chlor;D5C1;CONCTTE;;Nanorg;ChemischeStof;;Nnf;OW;;mg/l;"Roset sampler;Pomp;NVT";"TERSLG175;TERSLG235";NVT;15-9-2021;1-12-2019;30-9-2020;1;=
RWS_2020_06 P_N_sal_chlor;D5C1;CONCTTE;;PO4;ChemischeStof;;Pnf;OW;;mg/l;"Roset sampler;Pomp;NVT";"TERSLG175;TERSLG235";NVT;15-9-2021;1-12-2019;30-9-2020;1;=
RWS_2020_06 P_N_sal_chlor;D5C1;SALNTT;;SALNTT;Grootheid;;NVT;OW;;‰;"Roset sampler;Pomp;NVT";"TERSLG175;TERSLG235";NVT;15-9-2021;1-12-2019;30-9-2020;1;=
RWS_2020_06 P_N_sal_chlor;D5C2;CONCTTE;;CHLFa;ChemischeStof;;NVT;OW;;ug/l;"Roset sampler;Pomp;NVT";"NOORDWK2;NOORDWK10;NOORDWK20;NOORDWK70;TERSLG10;TERSLG50";NVT;15-9-2021;1-12-2019;30-9-2020;13;=
RWS_2020_06 P_N_sal_chlor;D5C2;CONCTTE;;CHLFa;ChemischeStof;;NVT;OW;;ug/l;"Roset sampler;Pomp;NVT";"TERSLG100;TERSLG135;ROTTMPT50;ROTTMPT70;GOERE2;GOERE6;SCHOUWN10;WALCRN2;WALCRN20;WALCRN70";NVT;15-9-2021;1-12-2019;30-9-2020;7;=
RWS_2020_06 P_N_sal_chlor;D5C2;CONCTTE;;CHLFa;ChemischeStof;;NVT;OW;;ug/l;"Roset sampler;Pomp;NVT";"TERSLG175;TERSLG235";NVT;15-9-2021;1-12-2019;30-9-2020;3;=
RWS_2020_06 P_N_sal_chlor;D5C2;CONCTTE;;CHLFa;ChemischeStof;;NVT;OW;;ug/l;"Roset sampler;Pomp;NVT";"NOORDWK2;NOORDWK10;NOORDWK20;NOORDWK70;TERSLG10;TERSLG50;TERSLG100;TERSLG135;ROTTMPT50;ROTTMPT70;GOERE2;GOERE6;SCHOUWN10;WALCRN2;WALCRN20;WALCRN70;TERSLG175;TERSLG235";P90;15-9-2021;1-3-2020;30-9-2020;1;=
RWS_2023_05 vervuiling vis;D8C1;LENGTE;;Platichthys flesus;J;Platichthys flesus;NVT;OE;NVT;mm;Boomkor;NOORDWWT;GEM;15-9-2024;1-8-2023;30-09-2023;1;>=
RWS_2023_05 vervuiling vis;D8C1;LENGTE;;Platichthys flesus;J;Platichthys flesus;NVT;OE;NVT;mm;Boomkor;NOORDWWT;STD;15-9-2024;1-8-2023;30-09-2023;1;>=
RWS_2023_05 vervuiling vis;D8C1;LENGTE;;Pleuronectes platessa;J;Pleuronectes platessa;NVT;OE;NVT;mm;Boomkor;"TERSLNWT40;IJMDWT80;DOGGBK";GEM;15-9-2024;1-8-2023;30-09-2023;1;>=
RWS_2023_05 vervuiling vis;D8C1;LENGTE;;Pleuronectes platessa;J;Pleuronectes platessa;NVT;OE;NVT;mm;Boomkor;"TERSLNWT40;IJMDWT80;DOGGBK";STD;15-9-2024;1-8-2023;30-09-2023;1;>=
RWS_2023_05 vervuiling vis;D8C1;AANTL;;Platichthys flesus;J;Platichthys flesus;NVT;OE;NVT;n;Boomkor;NOORDWWT;;15-9-2024;1-8-2023;30-09-2023;1;>=
RWS_2023_05 vervuiling vis;D8C1;AANTL;;Pleuronectes platessa;J;Pleuronectes platessa;NVT;OE;NVT;n;Boomkor;"TERSLNWT40;IJMDWT80;DOGGBK";;15-9-2024;1-8-2023;30-09-2023;1;>=
RWS_2023_05 vervuiling vis;D8C1;MASSA;;Platichthys flesus;J;Platichthys flesus;NVT;OE;LR;g;Boomkor;NOORDWWT;GEM;15-9-2024;1-8-2023;30-09-2023;1;>=
RWS_2023_05 vervuiling vis;D8C1;MASSA;;Pleuronectes platessa;J;Pleuronectes platessa;NVT;OE;LR;g;Boomkor;"TERSLNWT40;IJMDWT80;DOGGBK";GEM;15-9-2024;1-8-2023;30-09-2023;1;>=
RWS_2023_05 vervuiling vis;D8C1;MASSA;;Platichthys flesus;J;Platichthys flesus;NVT;OE;NVT;g;Boomkor;NOORDWWT;GEM;15-9-2024;1-8-2023;30-09-2023;1;>=
RWS_2023_05 vervuiling vis;D8C1;MASSA;;Pleuronectes platessa;J;Pleuronectes platessa;NVT;OE;NVT;g;Boomkor;"TERSLNWT40;IJMDWT80;DOGGBK";GEM;15-9-2024;1-8-2023;30-09-2023;1;>=
RWS_2023_05 vervuiling vis;D8C1;LEEFTD;;Platichthys flesus;J;Platichthys flesus;NVT;OE;NVT;a;Boomkor;NOORDWWT;GEM;15-9-2024;1-8-2023;30-09-2023;1;>=
RWS_2023_05 vervuiling vis;D8C1;LEEFTD;;Pleuronectes platessa;J;Pleuronectes platessa;NVT;OE;NVT;a;Boomkor;"TERSLNWT40;IJMDWT80;DOGGBK";GEM;15-9-2024;1-8-2023;30-09-2023;1;>=
RWS_2023_05 vervuiling vis;D8C1;MASSFTE;;Hg;;Pleuronectes platessa;NVT;OE;SW;mg/kg;Boomkor;"TERSLNWT40;IJMDWT80;DOGGBK";;15-9-2024;1-8-2023;30-09-2023;1;>=
RWS_2023_05 vervuiling vis;D8C1;MASSFTE;;DS;Grootheid;Pleuronectes platessa;NVT;OE;LR;%;Boomkor;"TERSLNWT40;IJMDWT80;DOGGBK";;15-9-2024;1-8-2023;30-09-2023;1;>=
RWS_2023_05 vervuiling vis;D8C1;MASSFTE;;DS;Grootheid;Pleuronectes platessa;NVT;OE;SW;%;Boomkor;"TERSLNWT40;IJMDWT80;DOGGBK";;15-9-2024;1-8-2023;30-09-2023;1;>=
RWS_2023_05 vervuiling vis;D8C1;MASSFTE;;VET;Object;Pleuronectes platessa;NVT;OE;LR;g/kg;Boomkor;"TERSLNWT40;IJMDWT80;DOGGBK";;15-9-2024;1-8-2023;30-09-2023;1;>=
RWS_2023_05 vervuiling vis;D8C1;MASSFTE;;verontr_in_vis;ChemischeStof;Pleuronectes platessa;NVT;OE;LR;ug/kg;Boomkor;"TERSLNWT40;IJMDWT80;DOGGBK";;15-9-2024;1-8-2023;30-09-2023;1;>=
RWS_2023_05 vervuiling vis;D8C1;MASSFTE;;metalen_in_vis;ChemischeStof;Pleuronectes platessa;NVT;OE;LR;mg/kg;Boomkor;"TERSLNWT40;IJMDWT80;DOGGBK";;15-9-2024;1-8-2023;30-09-2023;1;>=
RWS_2023_05 vervuiling vis;D8C1;MASSFTE;;Hg;;Platichthys flesus;NVT;OE;SW;mg/kg;Boomkor;NOORDWWT;;15-9-2024;1-8-2023;30-09-2023;1;>=
RWS_2023_05 vervuiling vis;D8C1;MASSFTE;;DS;Grootheid;Platichthys flesus;NVT;OE;LR;%;Boomkor;NOORDWWT;;15-9-2024;1-8-2023;30-09-2023;1;>=
RWS_2023_05 vervuiling vis;D8C1;MASSFTE;;DS;Grootheid;Platichthys flesus;NVT;OE;SW;%;Boomkor;NOORDWWT;;15-9-2024;1-8-2023;30-09-2023;1;>=
RWS_2023_05 vervuiling vis;D8C1;MASSFTE;;VET;Object;Platichthys flesus;NVT;OE;LR;g/kg;Boomkor;NOORDWWT;;15-9-2024;1-8-2023;30-09-2023;1;>=
RWS_2023_05 vervuiling vis;D8C1;MASSFTE;;verontr_in_vis;ChemischeStof;Platichthys flesus;NVT;OE;LR;ug/kg;Boomkor;NOORDWWT;;15-9-2024;1-8-2023;30-09-2023;1;>=
RWS_2023_05 vervuiling vis;D8C1;MASSFTE;;metalen_in_vis;ChemischeStof;Platichthys flesus;NVT;OE;LR;mg/kg;Boomkor;NOORDWWT;;15-9-2024;1-8-2023;30-09-2023;1;>=
RWS_2023_06 P_N_sal_chlor;D5C1;CONCTTE;;Nanorg;ChemischeStof;;Nnf;OW;;mg/l;"Roset sampler;Pomp;NVT";"NOORDWK2;NOORDWK10;NOORDWK20;NOORDWK70;TERSLG10;TERSLG50";NVT;15-9-2024;1-12-2022;30-9-2023;4;=
RWS_2023_06 P_N_sal_chlor;D5C1;CONCTTE;;PO4;ChemischeStof;;Pnf;OW;;mg/l;"Roset sampler;Pomp;NVT";"NOORDWK2;NOORDWK10;NOORDWK20;NOORDWK70;TERSLG10;TERSLG50";NVT;15-9-2024;1-12-2022;30-9-2023;4;=
RWS_2023_06 P_N_sal_chlor;D5C1;SALNTT;;SALNTT;Grootheid;;NVT;OW;;‰;"Roset sampler;Pomp;NVT";"NOORDWK2;NOORDWK10;NOORDWK20;NOORDWK70;TERSLG10;TERSLG50";NVT;15-9-2024;1-12-2022;30-9-2023;4;=
RWS_2023_06 P_N_sal_chlor;D5C1;CONCTTE;;Nanorg;ChemischeStof;;Nnf;OW;;mg/l;"Roset sampler;Pomp;NVT";"TERSLG100;TERSLG135;GOERE2;GOERE6;SCHOUWN10;WALCRN2;WALCRN20;WALCRN70";NVT;15-9-2024;1-12-2022;30-9-2023;3;=
RWS_2023_06 P_N_sal_chlor;D5C1;CONCTTE;;PO4;ChemischeStof;;Pnf;OW;;mg/l;"Roset sampler;Pomp;NVT";"TERSLG100;TERSLG135;GOERE2;GOERE6;SCHOUWN10;WALCRN2;WALCRN20;WALCRN70";NVT;15-9-2024;1-12-2022;30-9-2023;3;=
RWS_2023_06 P_N_sal_chlor;D5C1;SALNTT;;SALNTT;Grootheid;;NVT;OW;;‰;"Roset sampler;Pomp;NVT";"TERSLG100;TERSLG135;GOERE2;GOERE6;SCHOUWN10;WALCRN2;WALCRN20;WALCRN70";NVT;15-9-2024;1-12-2022;30-9-2023;3;=
RWS_2023_06 P_N_sal_chlor;D5C1;CONCTTE;;Nanorg;ChemischeStof;;Nnf;OW;;mg/l;"Roset sampler;Pomp;NVT";"TERSLG175;TERSLG235";NVT;15-9-2024;1-12-2022;30-9-2023;1;=
RWS_2023_06 P_N_sal_chlor;D5C1;CONCTTE;;PO4;ChemischeStof;;Pnf;OW;;mg/l;"Roset sampler;Pomp;NVT";"TERSLG175;TERSLG235";NVT;15-9-2024;1-12-2022;30-9-2023;1;=
RWS_2023_06 P_N_sal_chlor;D5C1;SALNTT;;SALNTT;Grootheid;;NVT;OW;;‰;"Roset sampler;Pomp;NVT";"TERSLG175;TERSLG235";NVT;15-9-2024;1-12-2022;30-9-2023;1;=
RWS_2023_06 P_N_sal_chlor;D5C2;CONCTTE;;CHLFa;ChemischeStof;;NVT;OW;;ug/l;"Roset sampler;Pomp;NVT";"NOORDWK2;NOORDWK10;NOORDWK20;NOORDWK70;TERSLG10;TERSLG50;TERSLG100;TERSLG135;ROTTMPT50;ROTTMPT70;GOERE2;GOERE6;SCHOUWN10;WALCRN2;WALCRN20;WALCRN70;TERSLG175;TERSLG235";P90;15-9-2024;1-12-2022;30-9-2023;1;=
RWS_2023_06 P_N_sal_chlor;D5C2;CONCTTE;;CHLFa;ChemischeStof;;NVT;OW;;ug/l;"Roset sampler;Pomp;NVT";"NOORDWK2;NOORDWK10;NOORDWK20;NOORDWK70;TERSLG10;TERSLG50";NVT;15-9-2024;1-12-2022;30-9-2023;13;=
RWS_2023_06 P_N_sal_chlor;D5C2;CONCTTE;;CHLFa;ChemischeStof;;NVT;OW;;ug/l;"Roset sampler;Pomp;NVT";"TERSLG100;TERSLG135;ROTTMPT50;ROTTMPT70;GOERE2;GOERE6;SCHOUWN10;WALCRN2;WALCRN20;WALCRN70";NVT;15-9-2024;1-12-2022;30-9-2023;7;=
RWS_2023_06 P_N_sal_chlor;D5C2;CONCTTE;;CHLFa;ChemischeStof;;NVT;OW;;ug/l;"Roset sampler;Pomp;NVT";"TERSLG175;TERSLG235";NVT;15-9-2024;1-12-2022;30-9-2023;3;=
RWS_2023_12_O2_T_sal_3_dieptes;D5C5;VERZDGGD;;O2;ChemischeStof;;;OW;;%;"Roset sampler;Pomp";"TERSLG100;TERSLG135";NVT;15-9-2024;1-3-2023;30-9-2023;12;>=
RWS_2023_12_O2_T_sal_3_dieptes;D5C5;T;;T;Grootheid;;;OW;;oC;"Roset sampler;Pomp";"TERSLG100;TERSLG135";NVT;15-9-2024;1-3-2023;30-9-2023;12;>=
RWS_2023_12_O2_T_sal_3_dieptes;D5C5;SALNTT;;SALNTT;Grootheid;;;OW;;g/kg;"Roset sampler;Pomp";"TERSLG100;TERSLG135";NVT;15-9-2024;1-3-2023;30-9-2023;12;>=
RWS_2023_12_O2_T_sal_3_dieptes;D5C5;VERZDGGD;;O2;ChemischeStof;;;OW;;%;"Roset sampler;Pomp";"TERSLG175;TERSLG235";NVT;15-9-2024;1-3-2023;30-9-2023;4;=
RWS_2023_12_O2_T_sal_3_dieptes;D5C5;T;;T;Grootheid;;;OW;;oC;"Roset sampler;Pomp";"TERSLG175;TERSLG235";NVT;15-9-2024;1-3-2023;30-9-2023;4;=
RWS_2023_12_O2_T_sal_3_dieptes;D5C5;SALNTT;;SALNTT;Grootheid;;;OW;;g/kg;"Roset sampler;Pomp";"TERSLG175;TERSLG235";NVT;15-9-2024;1-3-2023;30-9-2023;4;=
RWS_2023_08 contam en eff in mar slak;D8C2;RPSI;;Nucella lapillus;J;Nucella lapillus;;OE;NVT;%;"Bodemschaaf;Handmatig";"HOLLSKZNND;HOLLSKZNMDN;HOLLSKZNZD;HARVKZNE;GREVLGKZNE;OOSTSDKZNE;WESTSDKZNE";GEM;15-9-2024;16-2-2023;31-7-2023;1;=
RWS_2023_08 contam en eff in mar slak;D8C2;;IMPSSDUM;;Typering;Nucella lapillus;;OE;VS;DIMSLS;"Bodemschaaf;Handmatig";"HOLLSKZNND;HOLLSKZNMDN;HOLLSKZNZD;HARVKZNE;GREVLGKZNE;OOSTSDKZNE;WESTSDKZNE";;15-9-2024;16-2-2023;31-7-2023;1;=
RWS_2023_08 contam en eff in mar slak;D8C2;MASSFTE;;organotin;ChemischeStof;Nucella lapillus;;OE;VS;ug/kg;"Bodemschaaf;Handmatig";"HOLLSKZNND;HOLLSKZNMDN;HOLLSKZNZD;HARVKZNE;GREVLGKZNE;OOSTSDKZNE;WESTSDKZNE";;15-9-2024;16-2-2023;31-7-2023;1;=
RWS_2023_08 contam en eff in mar slak;D8C2;MASSFTE;;DS;Grootheid;Nucella lapillus;;OE;VS;%;"Bodemschaaf;Handmatig";"HOLLSKZNND;HOLLSKZNMDN;HOLLSKZNZD;HARVKZNE;GREVLGKZNE;OOSTSDKZNE;WESTSDKZNE";;15-9-2024;16-2-2023;31-7-2023;1;=
RWS_2023_08 contam en eff in mar slak;D8C2;RPSI;;Nassarius reticulatus;J;Nassarius reticulatus;;OE;NVT;%;"Bodemschaaf;Handmatig";"HOLLSKZNND;HOLLSKZNMDN;HOLLSKZNZD;HARVKZNE;GREVLGKZNE;OOSTSDKZNE;WESTSDKZNE";GEM;15-9-2024;16-2-2023;31-7-2023;1;=
RWS_2023_08 contam en eff in mar slak;D8C2;;IMPSSDUM;;Typering;Nassarius reticulatus;;OE;VS;DIMSLS;"Bodemschaaf;Handmatig";"HOLLSKZNND;HOLLSKZNMDN;HOLLSKZNZD;HARVKZNE;GREVLGKZNE;OOSTSDKZNE;WESTSDKZNE";;15-9-2024;16-2-2023;31-7-2023;1;=
RWS_2023_08 contam en eff in mar slak;D8C2;MASSFTE;;organotin;ChemischeStof;Nassarius reticulatus;;OE;VS;ug/kg;"Bodemschaaf;Handmatig";"HOLLSKZNND;HOLLSKZNMDN;HOLLSKZNZD;HARVKZNE;GREVLGKZNE;OOSTSDKZNE;WESTSDKZNE";;15-9-2024;16-2-2023;31-7-2023;1;=
RWS_2023_08 contam en eff in mar slak;D8C2;MASSFTE;;DS;Grootheid;Nassarius reticulatus;;OE;VS;%;"Bodemschaaf;Handmatig";"HOLLSKZNND;HOLLSKZNMDN;HOLLSKZNZD;HARVKZNE;GREVLGKZNE;OOSTSDKZNE;WESTSDKZNE";;15-9-2024;16-2-2023;31-7-2023;1;=
RWS_2023_11 plastic in stormvogels;D10C3;MASSA;;OSPAR_PLAIND;Object;Fulmarus glacialis;NVT;OE;MG;g;NVT;alle_stranden;NVT;15-9-2024;1-4-2021;31-12-2023;30;>=
RWS_2023_11 plastic in stormvogels;D10C3;MASSA;;OSPAR_PLATOT;Object;Fulmarus glacialis;NVT;OE;MG;g;NVT;alle_stranden;NVT;15-9-2024;1-4-2021;31-12-2023;30;>=
RWS_2023_11 plastic in stormvogels;D10C3;MASSA;;OSPAR_PLAUSE;Object;Fulmarus glacialis;NVT;OE;MG;g;NVT;alle_stranden;NVT;15-9-2024;1-4-2021;31-12-2023;30;>=
RWS_2023_11 plastic in stormvogels;D10C3;AANTL;;OSPAR_PLAIND;Object;Fulmarus glacialis;NVT;OE;MG;n;NVT;alle_stranden;NVT;15-9-2024;1-4-2021;31-12-2023;30;>=
RWS_2023_11 plastic in stormvogels;D10C3;AANTL;;OSPAR_PLATOT;Object;Fulmarus glacialis;NVT;OE;MG;n;NVT;alle_stranden;NVT;15-9-2024;1-4-2021;31-12-2023;30;>=
RWS_2023_11 plastic in stormvogels;D10C3;AANTL;;OSPAR_PLAUSE;Object;Fulmarus glacialis;NVT;OE;MG;n;NVT;alle_stranden;NVT;15-9-2024;1-4-2021;31-12-2023;30;>=
RWS_2023_11 plastic in stormvogels;D10C3;;LEVSDM;;Typering;Fulmarus glacialis;NVT;OE;MG;DIMSLS;NVT;alle_stranden;NVT;15-9-2024;1-4-2021;31-12-2023;30;>=
RWS_2023_11 plastic in stormvogels;D10C3;;SEXE;;Typering;Fulmarus glacialis;NVT;OE;MG;DIMSLS;NVT;alle_stranden;NVT;15-9-2024;1-4-2021;31-12-2023;30;>=
RWS_2023_03c zwarte zee_eend;D1C2;AANTPOPVTE;;Melanitta nigra;J;;;NVT;;n/km2;NVT;"BRUINEBANK;FRIESEFR;NCP_vanaf_12mijl;TZ;BSTENEN;KUSTZONE_2020;NCP_vanaf_10km;COESTERGR;DOGGBANK;GASFONTEIN;KLAVERBANK;KUSTZEE;NZKUSTZONE;VLVDRAAN;VOORDELTA;ZBANKEN;Zee_Buiten_MPAs;HOLLANDSE_KUST";MODUS;15-9-2024;1-8-2022;31-8-2023;6; =
RWS_2023_03c zwarte zee_eend;D1C2;AANTPOPVTE;;Melanitta nigra;J;;;NVT;;n/km2;NVT;"BRUINEBANK;FRIESEFR;NCP_vanaf_12mijl;TZ;BSTENEN;KUSTZONE_2020;NCP_vanaf_10km;COESTERGR;DOGGBANK;GASFONTEIN;KLAVERBANK;KUSTZEE;NZKUSTZONE;VLVDRAAN;VOORDELTA;ZBANKEN;Zee_Buiten_MPAs;HOLLANDSE_KUST";P97.5;15-9-2024;1-8-2022;31-8-2023;6; =
RWS_2023_03c zwarte zee_eend;D1C2;AANTPOPVTE;;Melanitta nigra;J;;;NVT;;n/km2;NVT;"BRUINEBANK;FRIESEFR;NCP_vanaf_12mijl;TZ;BSTENEN;KUSTZONE_2020;NCP_vanaf_10km;COESTERGR;DOGGBANK;GASFONTEIN;KLAVERBANK;KUSTZEE;NZKUSTZONE;VLVDRAAN;VOORDELTA;ZBANKEN;Zee_Buiten_MPAs;HOLLANDSE_KUST";P02.5;15-9-2024;1-8-2022;31-8-2023;6; =
RWS_2023_03c zwarte zee_eend;D1C2;AANTL;;Melanitta nigra;J;;;NVT;;n;NVT;"BRUINEBANK;FRIESEFR;NCP_vanaf_12mijl;TZ;BSTENEN;KUSTZONE_2020;NCP_vanaf_10km;COESTERGR;DOGGBANK;GASFONTEIN;KLAVERBANK;KUSTZEE;NZKUSTZONE;VLVDRAAN;VOORDELTA;ZBANKEN;Zee_Buiten_MPAs;HOLLANDSE_KUST";MODUS;15-9-2024;1-8-2022;31-8-2023;6; =
RWS_2023_03c zwarte zee_eend;D1C2;AANTL;;Melanitta nigra;J;;;NVT;;n;NVT;"BRUINEBANK;FRIESEFR;NCP_vanaf_12mijl;TZ;BSTENEN;KUSTZONE_2020;NCP_vanaf_10km;COESTERGR;DOGGBANK;GASFONTEIN;KLAVERBANK;KUSTZEE;NZKUSTZONE;VLVDRAAN;VOORDELTA;ZBANKEN;Zee_Buiten_MPAs;HOLLANDSE_KUST";P97.5;15-9-2024;1-8-2022;31-8-2023;6; =
RWS_2023_03c zwarte zee_eend;D1C2;AANTL;;Melanitta nigra;J;;;NVT;;n;NVT;"BRUINEBANK;FRIESEFR;NCP_vanaf_12mijl;TZ;BSTENEN;KUSTZONE_2020;NCP_vanaf_10km;COESTERGR;DOGGBANK;GASFONTEIN;KLAVERBANK;KUSTZEE;NZKUSTZONE;VLVDRAAN;VOORDELTA;ZBANKEN;Zee_Buiten_MPAs;HOLLANDSE_KUST";P02.5;15-9-2024;1-8-2022;31-8-2023;6; =
WMR_2021_01 Noordzeebenthos;"D6C3;D6C5";AANTPOPVTE;;Noordzeebenthos;J;;NVT;BS;;n/m2;Perdon & Troost 2012. CVO rapport: 12.006;"VOORDELTA_L0209;VOORDELTA_L0176;VOORDELTA_L0204;VOORDELTA_L0163;VOORDELTA_L0172;VOORDELTA_L0138;VOORDELTA_L0146;VOORDELTA_L0190;VOORDELTA_L0194;VOORDELTA_L0183;VOORDELTA_L0208;VOORDELTA_L0149;VOORDELTA_L0214;VOORDELTA_L0148;VOORDELTA_L0201;VOORDELTA_L0193";;2022-09-15;2021-03-15;2021-07-15;1;>=
WMR_2021_01 Noordzeebenthos;"D6C3;D6C5";AANTPOPVTE;;Noordzeebenthos;J;;NVT;BS;;n/m2;Perdon & Troost 2012. CVO rapport: 12.006;"VLVDRAAN_L0001;VLVDRAAN_L0002;VLVDRAAN_L0003;VLVDRAAN_L0004;VLVDRAAN_L0005;VLVDRAAN_L0006;VLVDRAAN_L0007;VLVDRAAN_L0008;VLVDRAAN_L0009;VLVDRAAN_L0010;VLVDRAAN_L0011;VLVDRAAN_L0012;VLVDRAAN_L0013;VLVDRAAN_L0014;VLVDRAAN_L0015;VLVDRAAN_L0016;VLVDRAAN_L0017;";;2022-09-15;2021-03-15;2021-07-15;1;>=
WMR_2021_01 Noordzeebenthos;"D6C3;D6C5";AANTPOPVTE;;Noordzeebenthos;J;;NVT;BS;;n/m2;Perdon & Troost 2012. CVO rapport: 12.006;"NZKUSTZONE_L0343;NZKUSTZONE_L0088;NZKUSTZONE_L0084;NZKUSTZONE_L0360;NZKUSTZONE_L0050;NZKUSTZONE_L0346;NZKUSTZONE_L0262;NZKUSTZONE_L0085;NZKUSTZONE_L0087;NZKUSTZONE_L0069;NZKUSTZONE_L0356;NZKUSTZONE_L0090;NZKUSTZONE_L0063;NZKUSTZONE_L0280;NZKUSTZONE_L0276;";;2022-09-15;2021-03-15;2021-07-15;1;>=
WMR_2021_01 Noordzeebenthos;"D6C3;D6C5";AANTPOPVTE;;Noordzeebenthos;J;;NVT;BS;;n/m2;Perdon & Troost 2012. CVO rapport: 12.006;"KUSTZONE_OV_L0352;KUSTZONE_OV_L0250;KUSTZONE_OV_L0291;KUSTZONE_OV_L0255;KUSTZONE_OV_L0246;KUSTZONE_OV_L0224;KUSTZONE_OV_L0329;KUSTZONE_OV_L0225;KUSTZONE_OV_L0324;KUSTZONE_OV_L0318;KUSTZONE_OV_L0223;KUSTZONE_OV_L0341;KUSTZONE_OV_L0308;KUSTZONE_OV_L0347;KUS";;2022-09-15;2021-03-15;2021-07-15;1;>=
WMR_2021_01 Noordzeebenthos;"D6C3;D6C5";LENGTE;;Noordzeebenthos;J;;NVT;BS;;mm;Perdon & Troost 2012. CVO rapport: 12.006;"VOORDELTA_L0209;VOORDELTA_L0176;VOORDELTA_L0204;VOORDELTA_L0163;VOORDELTA_L0172;VOORDELTA_L0138;VOORDELTA_L0146;VOORDELTA_L0190;VOORDELTA_L0194;VOORDELTA_L0183;VOORDELTA_L0208;VOORDELTA_L0149;VOORDELTA_L0214;VOORDELTA_L0148;VOORDELTA_L0201;VOORDELTA_L0193";;2022-09-15;2021-03-15;2021-07-15;1;>=
WMR_2021_01 Noordzeebenthos;"D6C3;D6C5";LENGTE;;Noordzeebenthos;J;;NVT;BS;;mm;Perdon & Troost 2012. CVO rapport: 12.006;"VLVDRAAN_L0001;VLVDRAAN_L0002;VLVDRAAN_L0003;VLVDRAAN_L0004;VLVDRAAN_L0005;VLVDRAAN_L0006;VLVDRAAN_L0007;VLVDRAAN_L0008;VLVDRAAN_L0009;VLVDRAAN_L0010;VLVDRAAN_L0011;VLVDRAAN_L0012;VLVDRAAN_L0013;VLVDRAAN_L0014;VLVDRAAN_L0015;VLVDRAAN_L0016;VLVDRAAN_L0017;";;2022-09-15;2021-03-15;2021-07-15;1;>=
WMR_2021_01 Noordzeebenthos;"D6C3;D6C5";LENGTE;;Noordzeebenthos;J;;NVT;BS;;mm;Perdon & Troost 2012. CVO rapport: 12.006;"NZKUSTZONE_L0343;NZKUSTZONE_L0088;NZKUSTZONE_L0084;NZKUSTZONE_L0360;NZKUSTZONE_L0050;NZKUSTZONE_L0346;NZKUSTZONE_L0262;NZKUSTZONE_L0085;NZKUSTZONE_L0087;NZKUSTZONE_L0069;NZKUSTZONE_L0356;NZKUSTZONE_L0090;NZKUSTZONE_L0063;NZKUSTZONE_L0280;NZKUSTZONE_L0276;";;2022-09-15;2021-03-15;2021-07-15;1;>=
WMR_2021_01 Noordzeebenthos;"D6C3;D6C5";LENGTE;;Noordzeebenthos;J;;NVT;BS;;mm;Perdon & Troost 2012. CVO rapport: 12.006;"KUSTZONE_OV_L0352;KUSTZONE_OV_L0250;KUSTZONE_OV_L0291;KUSTZONE_OV_L0255;KUSTZONE_OV_L0246;KUSTZONE_OV_L0224;KUSTZONE_OV_L0329;KUSTZONE_OV_L0225;KUSTZONE_OV_L0324;KUSTZONE_OV_L0318;KUSTZONE_OV_L0223;KUSTZONE_OV_L0341;KUSTZONE_OV_L0308;KUSTZONE_OV_L0347;KUS";;2022-09-15;2021-03-15;2021-07-15;1;>=
WMR_2021_01 Noordzeebenthos;"D6C3;D6C5";BREEDTE;;Noordzeebenthos;J;;NVT;BS;;mm;Perdon & Troost 2012. CVO rapport: 12.006;"VOORDELTA_L0209;VOORDELTA_L0176;VOORDELTA_L0204;VOORDELTA_L0163;VOORDELTA_L0172;VOORDELTA_L0138;VOORDELTA_L0146;VOORDELTA_L0190;VOORDELTA_L0194;VOORDELTA_L0183;VOORDELTA_L0208;VOORDELTA_L0149;VOORDELTA_L0214;VOORDELTA_L0148;VOORDELTA_L0201;VOORDELTA_L0193";;2022-09-15;2021-03-15;2021-07-15;1;>=
WMR_2021_01 Noordzeebenthos;"D6C3;D6C5";BREEDTE;;Noordzeebenthos;J;;NVT;BS;;mm;Perdon & Troost 2012. CVO rapport: 12.006;"VLVDRAAN_L0001;VLVDRAAN_L0002;VLVDRAAN_L0003;VLVDRAAN_L0004;VLVDRAAN_L0005;VLVDRAAN_L0006;VLVDRAAN_L0007;VLVDRAAN_L0008;VLVDRAAN_L0009;VLVDRAAN_L0010;VLVDRAAN_L0011;VLVDRAAN_L0012;VLVDRAAN_L0013;VLVDRAAN_L0014;VLVDRAAN_L0015;VLVDRAAN_L0016;VLVDRAAN_L0017;";;2022-09-15;2021-03-15;2021-07-15;1;>=
WMR_2021_01 Noordzeebenthos;"D6C3;D6C5";BREEDTE;;Noordzeebenthos;J;;NVT;BS;;mm;Perdon & Troost 2012. CVO rapport: 12.006;"NZKUSTZONE_L0343;NZKUSTZONE_L0088;NZKUSTZONE_L0084;NZKUSTZONE_L0360;NZKUSTZONE_L0050;NZKUSTZONE_L0346;NZKUSTZONE_L0262;NZKUSTZONE_L0085;NZKUSTZONE_L0087;NZKUSTZONE_L0069;NZKUSTZONE_L0356;NZKUSTZONE_L0090;NZKUSTZONE_L0063;NZKUSTZONE_L0280;NZKUSTZONE_L0276;";;2022-09-15;2021-03-15;2021-07-15;1;>=
WMR_2021_01 Noordzeebenthos;"D6C3;D6C5";BREEDTE;;Noordzeebenthos;J;;NVT;BS;;mm;Perdon & Troost 2012. CVO rapport: 12.006;"KUSTZONE_OV_L0352;KUSTZONE_OV_L0250;KUSTZONE_OV_L0291;KUSTZONE_OV_L0255;KUSTZONE_OV_L0246;KUSTZONE_OV_L0224;KUSTZONE_OV_L0329;KUSTZONE_OV_L0225;KUSTZONE_OV_L0324;KUSTZONE_OV_L0318;KUSTZONE_OV_L0223;KUSTZONE_OV_L0341;KUSTZONE_OV_L0308;KUSTZONE_OV_L0347;KUS";;2022-09-15;2021-03-15;2021-07-15;1;>=
WMR_2021_01 Noordzeebenthos;"D6C3;D6C5";MASSPOPVTE;;Noordzeebenthos;J;;NVT;BS;;g/m2;Perdon & Troost 2012. CVO rapport: 12.006;"VOORDELTA_L0209;VOORDELTA_L0176;VOORDELTA_L0204;VOORDELTA_L0163;VOORDELTA_L0172;VOORDELTA_L0138;VOORDELTA_L0146;VOORDELTA_L0190;VOORDELTA_L0194;VOORDELTA_L0183;VOORDELTA_L0208;VOORDELTA_L0149;VOORDELTA_L0214;VOORDELTA_L0148;VOORDELTA_L0201;VOORDELTA_L0193";;2022-09-15;2021-03-15;2021-07-15;1;>=
WMR_2021_01 Noordzeebenthos;"D6C3;D6C5";MASSPOPVTE;;Noordzeebenthos;J;;NVT;BS;;g/m2;Perdon & Troost 2012. CVO rapport: 12.006;"VLVDRAAN_L0001;VLVDRAAN_L0002;VLVDRAAN_L0003;VLVDRAAN_L0004;VLVDRAAN_L0005;VLVDRAAN_L0006;VLVDRAAN_L0007;VLVDRAAN_L0008;VLVDRAAN_L0009;VLVDRAAN_L0010;VLVDRAAN_L0011;VLVDRAAN_L0012;VLVDRAAN_L0013;VLVDRAAN_L0014;VLVDRAAN_L0015;VLVDRAAN_L0016;VLVDRAAN_L0017;";;2022-09-15;2021-03-15;2021-07-15;1;>=
WMR_2021_01 Noordzeebenthos;"D6C3;D6C5";MASSPOPVTE;;Noordzeebenthos;J;;NVT;BS;;g/m2;Perdon & Troost 2012. CVO rapport: 12.006;"NZKUSTZONE_L0343;NZKUSTZONE_L0088;NZKUSTZONE_L0084;NZKUSTZONE_L0360;NZKUSTZONE_L0050;NZKUSTZONE_L0346;NZKUSTZONE_L0262;NZKUSTZONE_L0085;NZKUSTZONE_L0087;NZKUSTZONE_L0069;NZKUSTZONE_L0356;NZKUSTZONE_L0090;NZKUSTZONE_L0063;NZKUSTZONE_L0280;NZKUSTZONE_L0276;";;2022-09-15;2021-03-15;2021-07-15;1;>=
WMR_2021_01 Noordzeebenthos;"D6C3;D6C5";MASSPOPVTE;;Noordzeebenthos;J;;NVT;BS;;g/m2;Perdon & Troost 2012. CVO rapport: 12.006;"KUSTZONE_OV_L0352;KUSTZONE_OV_L0250;KUSTZONE_OV_L0291;KUSTZONE_OV_L0255;KUSTZONE_OV_L0246;KUSTZONE_OV_L0224;KUSTZONE_OV_L0329;KUSTZONE_OV_L0225;KUSTZONE_OV_L0324;KUSTZONE_OV_L0318;KUSTZONE_OV_L0223;KUSTZONE_OV_L0341;KUSTZONE_OV_L0308;KUSTZONE_OV_L0347;KUS";;2022-09-15;2021-03-15;2021-07-15;1;>=
WMR_2021_01 Noordzeebenthos;"D6C3;D6C5";BEMSROPVK;;BEMSROPVK;Grootheid;;NVT;BS;;m2;Perdon & Troost 2012. CVO rapport: 12.006;"KUSTZONE_OV_L0207;KUSTZONE_OV_L0219;KUSTZONE_OV_L0220;KUSTZONE_OV_L0221;KUSTZONE_OV_L0222;KUSTZONE_OV_L0223;KUSTZONE_OV_L0224;KUSTZONE_OV_L0225;KUSTZONE_OV_L0226;KUSTZONE_OV_L0227;KUSTZONE_OV_L0228;KUSTZONE_OV_L0229;KUSTZONE_OV_L0230;KUSTZONE_OV_L0231;KUS";;2022-09-15;2021-03-15;2021-07-15;1;>=
WMR_2021_02b zeehond;"D1C2;D1C3;D1C4;D1C5";AANTL;;zeehonden;J;;LS-AD;OR;;n;Aerial surveys of Harbour Seals in the Wadden Sea in 2021;Waddengebied;;2022-09-15;2021-01-01;2021-12-31;49;<=
WMR_2021_02b zeehond;"D1C2;D1C3;D1C4;D1C5";AANTL;;zeehonden;J;;LS-JU;OR;;n;Aerial surveys of Harbour Seals in the Wadden Sea in 2021;Waddengebied;;2022-09-15;2021-01-01;2021-12-31;49;<=
